Fund Name,P1,P2,P3,P4,Topsis Score,Rank
M1,0.67,0.45,6.5,42.6,0.18377598933266076,4
M2,0.6,0.36,3.6,53.3,0.46203329247370994,3
M3,0.82,0.67,3.8,63.1,0.8897606112751906,1
M4,0.6,0.36,3.5,69.2,0.526200660651297,2
