Fund Name,P1,P2,P3,P4,Topsis Score,Rank
M1,0.67,0.45,6.5,42.6,0.5035218043135102,2
M2,0.6,0.36,3.6,53.3,0.15595995689700984,4
M3,0.82,0.67,3.8,63.1,0.5722153554446061,1
M4,0.6,0.36,3.5,69.2,0.31830931875724144,3
